discipline,athlete,country,record,date,event,sex,wikipedia,profile,video_name,video_link
DYN,Panagiotakis Giorgos,GR,300,7/2/2016,Pool World Championships 2016,Men,None,https://athletes.aidainternational.org/Profile-1e11821c-8bcc-49e0-b5e0-846749ce0c77,300M UNDERWATER SWIM ON A SINGLE BREATH | FREEDIVING WORLD RECORD BY GIORGOS PANAGIOTAKIS,https://www.youtube.com/watch?v=EMOAyeEBkQE
DYN,Malina Mateusz,PL,300,7/2/2016,Pool World Championships 2016,Men,https://sv.wikipedia.org/wiki/Mateusz_Malina,https://athletes.aidainternational.org/Profile-f8c634fd-af19-4b82-88a6-dfb068e92f8c,Freediving World Record DYN Mateusz Malina (300 m),https://www.youtube.com/watch?v=AfnneYkYF_4
DYN,Malina Mateusz,PL,285,12/11/2015,The XIII Polish Feediving Pool Championships,Men,https://sv.wikipedia.org/wiki/Mateusz_Malina,https://athletes.aidainternational.org/Profile-f8c634fd-af19-4b82-88a6-dfb068e92f8c,Mateusz Malina Freediving World Record Dynamic with Fins 285m,https://www.youtube.com/watch?v=8iG9TzvhJFE
DYN,Colak Goran,HR,281,6/21/2013,Individual AIDA pool World Championships,Men,https://en.wikipedia.org/wiki/Goran_%C4%8Colak,https://athletes.aidainternational.org/Profile-00000000-0000-0000-0000-00000000062d,FINALE A GORAN ČOLAK WORD RECORD DYN 281 m,https://www.youtube.com/watch?v=BF7dHfyaZXs
DYN,Colak Goran,HR,273,10/7/2011,World Championship AIDA 2011 Indoor Event,Men,https://en.wikipedia.org/wiki/Goran_%C4%8Colak,https://athletes.aidainternational.org/Profile-00000000-0000-0000-0000-00000000062d,Goran Colak - Freediving World Record 273 m – YouTube,https://www.youtube.com/watch?v=9Th8Zt-HMCg
DYN,Mullins David,NZ,265,9/27/2010,Cressi World Record Challenge,Men,https://en.wikipedia.org/wiki/Dave_Mullins_(freediver),https://athletes.aidainternational.org/Profile-e6642a1a-d9a0-430f-a401-d052c3783dcf,Dave Mullins 265 meter dynamic freediving world record ,https://www.youtube.com/watch?v=2nxOIC9dprw
DYN,Mullins David,NZ,257,8/1/2010,Wellington Winter Champs 2010,Men,https://en.wikipedia.org/wiki/Dave_Mullins_(freediver),https://athletes.aidainternational.org/Profile-e6642a1a-d9a0-430f-a401-d052c3783dcf,not_found,not_found
DYN,Sessa Frederic,FR,255,7/6/2010,7th AIDA Team World Championship 2010,Men,https://en.wikipedia.org/wiki/Fr%C3%A9d%C3%A9ric_Sessa,https://athletes.aidainternational.org/Profile-00000000-0000-0000-0000-000000000a6d,FRED SESSA - NEW DYNAMIC WORLD RECORD: 255m,https://www.youtube.com/watch?v=nYtcKL_8LaM
DYN,Molchanov Alexey,RU,250,10/4/2008,Europe Evolution Cup,Men,https://en.wikipedia.org/wiki/Alexey_Molchanov,https://athletes.aidainternational.org/Profile-2e49e1ad-580c-4b06-a13e-0e36682f2a1f,Alexey Molchanov 250 DYN,https://www.youtube.com/watch?v=nQw7In1Ff10
DYN,Mullins David,NZ,248,9/3/2008,AIDA Team World Championships 2008,Men,https://en.wikipedia.org/wiki/Dave_Mullins_(freediver),https://athletes.aidainternational.org/Profile-e6642a1a-d9a0-430f-a401-d052c3783dcf,WWC2010 - Dave MullinsDYN (257) .MP4,https://www.youtube.com/watch?v=D9ZkAJz8J7U
DYN,Mullins David,NZ,244,9/23/2007,No Bubbles Invitational - NaeNae Pool,Men,https://en.wikipedia.org/wiki/Dave_Mullins_(freediver),https://athletes.aidainternational.org/Profile-e6642a1a-d9a0-430f-a401-d052c3783dcf,Dave Mullins 244m DYN,https://www.youtube.com/watch?v=ezr7ezaUb2M
DYN,Mullins David,NZ,234,8/10/2007,Auckland Apnea Challenge 07,Men,https://en.wikipedia.org/wiki/Dave_Mullins_(freediver),https://athletes.aidainternational.org/Profile-e6642a1a-d9a0-430f-a401-d052c3783dcf,Freediving Dave Mullins 234m dyn,https://www.youtube.com/watch?v=_enZ05QcJjM
DYN,Severinsen Stig Åvall,DK,225,6/16/2007,Aarhus Triple Challenge day two,Men,https://en.wikipedia.org/wiki/Stig_Severinsen,https://athletes.aidainternational.org/Profile-00000000-0000-0000-0000-000000000044,not_found,not_found
DYN,Sietas Tom,DE,223,8/26/2006,WR Attempt - SIETAS Tom(STA-DYN-DNF),Men,https://en.wikipedia.org/wiki/Tom_Sietas,https://athletes.aidainternational.org/Profile-00000000-0000-0000-0000-0000000000b1,not_found,not_found
DYN,Sietas Tom,DE,212,7/9/2005,AIDA Hellas 2005 Summer Apnea Games,Men,https://en.wikipedia.org/wiki/Tom_Sietas,https://athletes.aidainternational.org/Profile-00000000-0000-0000-0000-0000000000b1,Tom Sietas AIDA WR DYN 212m 2005 Greece,https://www.youtube.com/watch?v=Ewlrt_i-g4Y
DYN,Pedersen Peter,DK,200,7/18/2003,WR Attempt - PEDERSEN Peter (DYN),Men,None,https://athletes.aidainternational.org/Profile-00000000-0000-0000-0000-00000000007f,Peter Pedersen 200m Freediving World Record (DYN),https://www.youtube.com/watch?v=F4BgRlIF_9M
DYN,Nitsch Herbert,AT,183,11/16/2002,5th Night of Apnea,Men,https://en.wikipedia.org/wiki/Herbert_Nitsch,https://athletes.aidainternational.org/Profile-00000000-0000-0000-0000-000000000006,not_found,not_found
DYN,Nitsch Herbert,AT,170,2/24/2001,WR Attempt - NITSCH Herbert (DYN),Men,https://en.wikipedia.org/wiki/Herbert_Nitsch,https://athletes.aidainternational.org/Profile-00000000-0000-0000-0000-000000000006,not_found,not_found
DYN,Nitsch Herbert,AT,172,1/1/2001,Compiled rankings for year 2001,Men,https://en.wikipedia.org/wiki/Herbert_Nitsch,https://athletes.aidainternational.org/Profile-00000000-0000-0000-0000-000000000006,not_found,not_found
DYN,Le Sauce Andy,FR,164,5/25/1996,WR Attempt - LESAUCE Andy (DYN),Men,https://fr.wikipedia.org/wiki/Andy_Le_Sauce,https://athletes.aidainternational.org/Profile-00000000-0000-0000-0000-000000000001,not_found,not_found
DYN,Brischigiaro Nicola,FR,155,10/8/1995,WR Attempt - BRISCHIGIARO Nicola (DYN),Men,https://it.wikipedia.org/wiki/Nicola_Brischigiaro,https://athletes.aidainternational.org/Profile-00000000-0000-0000-0000-000000000e07,not_found,not_found
DYN,Le Sauce Andy,FR,140,9/2/1995,WR Attempt - LESAUCE Andy (DYN),Men,https://fr.wikipedia.org/wiki/Andy_Le_Sauce,https://athletes.aidainternational.org/Profile-00000000-0000-0000-0000-000000000001,not_found,not_found
DNF,Malina Mateusz,PL,244,7/1/2016,Pool World Championships 2016,Men,https://sv.wikipedia.org/wiki/Mateusz_Malina,https://athletes.aidainternational.org/Profile-f8c634fd-af19-4b82-88a6-dfb068e92f8c,Freediving World Record Matt Malina (244 m DNF),https://www.youtube.com/watch?v=eRoTBCIgW7c
DNF,Malina Mateusz,PL,232,6/27/2016,Pool World Championships 2016,Men,https://sv.wikipedia.org/wiki/Mateusz_Malina,https://athletes.aidainternational.org/Profile-f8c634fd-af19-4b82-88a6-dfb068e92f8c,Mateusz Malina Freediving World Record 232m Dynamic without Fins DNF Limitless,https://www.youtube.com/watch?v=V1nzf4DpLN0
DNF,Malina Mateusz,PL,226,11/9/2014,DNF miniComp,Men,https://sv.wikipedia.org/wiki/Mateusz_Malina,https://athletes.aidainternational.org/Profile-f8c634fd-af19-4b82-88a6-dfb068e92f8c,Mateusz Malina Freediving World Record 226m Dynamic No Fins,https://www.youtube.com/watch?v=frIb2jeXayY
DNF,Colak Goran,HR,225,11/21/2013,Goran Colak DNF WR Attempt,Men,https://en.wikipedia.org/wiki/Goran_%C4%8Colak,https://athletes.aidainternational.org/Profile-00000000-0000-0000-0000-00000000062d," Goran Colak, Dynamic No Fins World Record – 225m",https://www.youtube.com/watch?v=kjTD2CNnlco
DNF,Mullins David,NZ,218,9/27/2010,Cressi World Record Challenge,Men,https://en.wikipedia.org/wiki/Dave_Mullins_(freediver),https://athletes.aidainternational.org/Profile-e6642a1a-d9a0-430f-a401-d052c3783dcf,Dave Mullins 218 DNF World Record 27 Sept 2010.MOD,https://www.youtube.com/watch?v=PmAEjxkdxec
DNF,Mullins David,NZ,213,8/10/2008,Wellington Winter Champs 2008,Men,https://en.wikipedia.org/wiki/Dave_Mullins_(freediver),https://athletes.aidainternational.org/Profile-e6642a1a-d9a0-430f-a401-d052c3783dcf,DNF 213m David Mullins,https://www.youtube.com/watch?v=01j3791X56c
DNF,Sietas Tom,DE,213,7/2/2008,WR Attempt - SIETAS Tom(STA-DYN-DNF),Men,https://en.wikipedia.org/wiki/Tom_Sietas,https://athletes.aidainternational.org/Profile-00000000-0000-0000-0000-0000000000b1,not_found,not_found
DNF,Severinsen Stig Åvall,DK,186,7/4/2007,AIDA Pool World Championships with Finals,Men,https://en.wikipedia.org/wiki/Stig_Severinsen,https://athletes.aidainternational.org/Profile-00000000-0000-0000-0000-000000000044,AIDA World Championships 2007 - DNF Finals (Men),https://www.youtube.com/watch?v=fjK_aU3af_I
DNF,Sietas Tom,DE,183,8/26/2006,WR Attempt - SIETAS Tom(STA-DYN-DNF),Men,https://en.wikipedia.org/wiki/Tom_Sietas,https://athletes.aidainternational.org/Profile-00000000-0000-0000-0000-0000000000b1,not_found,not_found
DNF,Sietas Tom,DE,182,8/12/2006,"WR Attempt - SIETAS Tom(DYN,DNF)",Men,https://en.wikipedia.org/wiki/Tom_Sietas,https://athletes.aidainternational.org/Profile-00000000-0000-0000-0000-0000000000b1,not_found,not_found
DNF,Sietas Tom,DE,180,3/14/2006,WR Attempt - SIETAS Tom(DNF),Men,https://en.wikipedia.org/wiki/Tom_Sietas,https://athletes.aidainternational.org/Profile-00000000-0000-0000-0000-0000000000b1,Tom Sietas - AIDA WR DNF 180m - 2006 – Japan.mpg,https://www.youtube.com/watch?v=D9-6HM-ZlHA
DNF,Sietas Tom,DE,176,3/3/2006,Mad Cup 2006,Men,https://en.wikipedia.org/wiki/Tom_Sietas,https://athletes.aidainternational.org/Profile-00000000-0000-0000-0000-0000000000b1,not_found,not_found
DNF,Sietas Tom,DE,175,7/9/2005,AIDA Hellas 2005 Summer Apnea Games,Men,https://en.wikipedia.org/wiki/Tom_Sietas,https://athletes.aidainternational.org/Profile-00000000-0000-0000-0000-0000000000b1,Tom Sietas - AIDA WR DNF 175m - 2005 – Greece.mpg,https://www.youtube.com/watch?v=bcxBq079KeU
DNF,Severinsen Stig Åvall,DK,166,7/19/2003,WR Attempt - SEVERINSEN Stig (DNF),Men,https://en.wikipedia.org/wiki/Stig_Severinsen,https://athletes.aidainternational.org/Profile-00000000-0000-0000-0000-000000000044,Freediving World Record 166 meters (544.7 feet) without fins - by Stig Severinsen,https://www.youtube.com/watch?v=czNN__N6Uwo
DNF,Nitsch Herbert,AT,138,12/15/2002,st Dutch Open,Men,https://en.wikipedia.org/wiki/Herbert_Nitsch,https://athletes.aidainternational.org/Profile-00000000-0000-0000-0000-000000000006,not_found,not_found
DNF,Severinsen Stig Åvall,DK,134,5/25/2002,Aarhus Freedivers Club,Men,https://en.wikipedia.org/wiki/Stig_Severinsen,https://athletes.aidainternational.org/Profile-00000000-0000-0000-0000-000000000044,not_found,not_found
DNF,Nitsch Herbert,AT,134,11/24/2001,WR Attempt - NITSCH Herbert (DNF),Men,https://en.wikipedia.org/wiki/Herbert_Nitsch,https://athletes.aidainternational.org/Profile-00000000-0000-0000-0000-000000000006,not_found,not_found
DNF,Nitsch Herbert,AT,131,1/27/2001,WR Attempt - NITSCH Herbert (DNF),Men,https://en.wikipedia.org/wiki/Herbert_Nitsch,https://athletes.aidainternational.org/Profile-00000000-0000-0000-0000-000000000006,not_found,not_found
DNF,Cocuet Frederic,FR,125,10/7/1993,WR Attempt - COCUET Frederic (DNF),Men,None,https://athletes.aidainternational.org/Profile-00000000-0000-0000-0000-000000000e0d,not_found,not_found
STA,Mifsud Stéphane,FR,11:35,6/8/2009,WR Attempt - MIFSUD Stephane(Static Apnea),Men,https://en.wikipedia.org/wiki/St%C3%A9phane_Mifsud,https://athletes.aidainternational.org/Profile-00000000-0000-0000-0000-000000000013,Stéphane MIFSUD - Current Apnea Static World Record - English version,https://www.youtube.com/watch?v=i-BKF8jChzM
STA,Sietas Tom,DE,10:12,6/3/2008,WR Attempt - SIETAS Tom(STA),Men,https://en.wikipedia.org/wiki/Tom_Sietas,https://athletes.aidainternational.org/Profile-00000000-0000-0000-0000-0000000000b1,not_found,not_found
STA,Sietas Tom,DE,9:15,5/11/2008,WR Attempt - SIETAS Tom(STA),Men,https://en.wikipedia.org/wiki/Tom_Sietas,https://athletes.aidainternational.org/Profile-00000000-0000-0000-0000-0000000000b1,Tom Sietas - STA 9'15 - 2008 – Germany.flv,https://www.youtube.com/watch?v=eQHKEgYBxuQ
STA,Nitsch Herbert,AT,9:04,12/12/2006,WR Attempt - NITSCH Herbert(CWT-CNF-FIM-STA),Men,https://en.wikipedia.org/wiki/Herbert_Nitsch,https://athletes.aidainternational.org/Profile-00000000-0000-0000-0000-000000000006,Freediver Herbert Nitsch - WR#18 2006 Static Apnea 9min04,https://www.youtube.com/watch?v=pyOsXQhBRmU
STA,Sietas Tom,DE,9:00,8/26/2006,WR Attempt - SIETAS Tom(STA-DYN-DNF),Men,https://en.wikipedia.org/wiki/Tom_Sietas,https://athletes.aidainternational.org/Profile-00000000-0000-0000-0000-0000000000b1,not_found,not_found
STA,Sietas Tom,DE,8:58,12/12/2004,3rd Dutch Apnea Open,Men,https://en.wikipedia.org/wiki/Tom_Sietas,https://athletes.aidainternational.org/Profile-00000000-0000-0000-0000-0000000000b1,Tom Sietas AIDA WR STA 8'58 2004 Netherlands,https://www.youtube.com/watch?v=7Z25iPTtca8
STA,Sietas Tom,DE,8:56,10/30/2004,Rhein Main Cup 2004,Men,https://en.wikipedia.org/wiki/Tom_Sietas,https://athletes.aidainternational.org/Profile-00000000-0000-0000-0000-0000000000b1,Tom Sietas - STA 8'56 - 2004 – Germany.wmv,https://www.youtube.com/watch?v=oEK3cS7njHA
STA,Sietas Tom,DE,8:47,6/11/2004,WR Attempt - SIETAS Tom (STA),Men,https://en.wikipedia.org/wiki/Tom_Sietas,https://athletes.aidainternational.org/Profile-00000000-0000-0000-0000-0000000000b1,not_found,not_found
STA,Stepanek Martin,CZ,8:06,7/3/2001,WR Attempt - STEPANEK Martin (STA),Men,https://en.wikipedia.org/wiki/Martin_%C5%A0t%C4%9Bp%C3%A1nek_(free-diver),https://athletes.aidainternational.org/Profile-00000000-0000-0000-0000-000000000092,not_found,not_found
STA,Le Sauce Andy,FR,7:35,4/4/1996,WR Attempt - LESAUCE Andy (STA),Men,https://fr.wikipedia.org/wiki/Andy_Le_Sauce,https://athletes.aidainternational.org/Profile-00000000-0000-0000-0000-000000000001,not_found,not_found
STA,Le Sauce Andy,FR,7:16,12/6/1994,WR Attempt - LESAUCE Andy (STA),Men,https://fr.wikipedia.org/wiki/Andy_Le_Sauce,https://athletes.aidainternational.org/Profile-00000000-0000-0000-0000-000000000001,not_found,not_found
STA,Le Sauce Andy,FR,7:06,1/16/1994,WR Attempt - LESAUCE Andy (STA),Men,https://fr.wikipedia.org/wiki/Andy_Le_Sauce,https://athletes.aidainternational.org/Profile-00000000-0000-0000-0000-000000000001,not_found,not_found
STA,Le Sauce Andy,FR,6:48,1/8/1994,WR Attempt - LESAUCE Andy (STA),Men,https://fr.wikipedia.org/wiki/Andy_Le_Sauce,https://athletes.aidainternational.org/Profile-00000000-0000-0000-0000-000000000001,not_found,not_found
DYNB,Malina Mateusz,PL,250,10/13/2019,Hydro Dynamic 2019,Men,https://sv.wikipedia.org/wiki/Mateusz_Malina,https://athletes.aidainternational.org/Profile-f8c634fd-af19-4b82-88a6-dfb068e92f8c,not_found,not_found
DYNB,Milosic Boris,HR,234,2/23/2019,13th Serbian Open Freediving Championship - Belgrade 2019,Men,None,https://athletes.aidainternational.org/Profile-f46798d8-aa12-4581-94fa-259d01990dff,WORLD RECORD 234m Bifins - Boris Milosic (22),https://www.youtube.com/watch?v=bvdMIX-0CLE
DYNB,Maričić Vitomir,HR,234,2/23/2019,13th Serbian Open Freediving Championship - Belgrade 2019,Men,https://hr.wikipedia.org/wiki/Vitomir_Mari%C4%8Di%C4%87,https://athletes.aidainternational.org/Profile-900feea2-6eff-40b5-ae30-a72f710137fe,not_found,not_found
NLT,Nitsch Herbert,AT,214,6/9/2007,WR Attempt - NITSCH Herbert(NLT-VWT-CWT-STA-CNF-FIM),Men,https://en.wikipedia.org/wiki/Herbert_Nitsch,https://athletes.aidainternational.org/Profile-00000000-0000-0000-0000-000000000006,Freediver Herbert Nitsch - WR#20 2007 No Limit 702 ft (214 m),https://www.youtube.com/watch?v=ierAsmNk4pI
NLT,Nitsch Herbert,AT,185,6/9/2007,WR Attempt - NITSCH Herbert(NLT-VWT-CWT-STA-CNF-FIM),Men,https://en.wikipedia.org/wiki/Herbert_Nitsch,https://athletes.aidainternational.org/Profile-00000000-0000-0000-0000-000000000006,not_found,not_found
NLT,Nitsch Herbert,AT,183,8/25/2006,"WR Attempt - NITSCH Herbert(CWT, CNF, FIM, VWT, NLT and STA)",Men,https://en.wikipedia.org/wiki/Herbert_Nitsch,https://athletes.aidainternational.org/Profile-00000000-0000-0000-0000-000000000006,Herbert Nitsch World Record 183m,https://www.youtube.com/watch?v=z2xjMC5gnOI
NLT,Nitsch Herbert,AT,172,10/2/2005,WR ATTEMPT - NITSCH Herbert (NLT),Men,https://en.wikipedia.org/wiki/Herbert_Nitsch,https://athletes.aidainternational.org/Profile-00000000-0000-0000-0000-000000000006,not_found,not_found
NLT,Leferme Loic,FR,171,10/30/2004,WR Attempt - LEFERME Loic (NLT),Men,https://en.wikipedia.org/wiki/Lo%C3%AFc_Leferme,https://athletes.aidainternational.org/Profile-00000000-0000-0000-0000-000000000034,Loic Leferme - 171 m : D DAY,https://www.youtube.com/watch?v=jX1nK78tcw4
NLT,Leferme Loic,FR,162,10/20/2002,WR Attempt - LEFERME Loic (NLT),Men,https://en.wikipedia.org/wiki/Lo%C3%AFc_Leferme,https://athletes.aidainternational.org/Profile-00000000-0000-0000-0000-000000000034,not_found,not_found
NLT,Pelizzari Umberto,IT,150,10/24/1999,WR Attempt - PELIZZARI Umberto (NLT),Men,https://en.wikipedia.org/wiki/Umberto_Pelizzari,https://athletes.aidainternational.org/Profile-00000000-0000-0000-0000-0000000000a2,Umberto Pelizzari - record in apnea a -150m,https://www.youtube.com/watch?v=mAMbf4fxFjM
NLT,Leferme Loic,FR,137,6/5/1999,WR Attempt - LEFERME Loic (NLT),Men,https://en.wikipedia.org/wiki/Lo%C3%AFc_Leferme,https://athletes.aidainternational.org/Profile-00000000-0000-0000-0000-000000000034,not_found,not_found
NLT,Ferreras Francisco Pipin,CU,133,11/26/1996,WR Attempt - FERRERAS Francisco Pipin (NLT),Men,https://en.wikipedia.org/wiki/Francisco_Ferreras,https://athletes.aidainternational.org/Profile-00000000-0000-0000-0000-000000000e0a,not_found,not_found
NLT,Pelizzari Umberto,IT,131,9/16/1996,WR Attempt - PELIZZARI Umberto (NLT),Men,https://en.wikipedia.org/wiki/Umberto_Pelizzari,https://athletes.aidainternational.org/Profile-00000000-0000-0000-0000-0000000000a2,not_found,not_found
NLT,Ferreras Francisco Pipin,CU,130,3/10/1996,WR Attempt - FERRERAS Francisco Pipin (NLT),Men,https://en.wikipedia.org/wiki/Francisco_Ferreras,https://athletes.aidainternational.org/Profile-00000000-0000-0000-0000-000000000e0a,not_found,not_found
NLT,Ferreras Francisco Pipin,CU,128,7/30/1995,WR Attempt - FERRERAS Francisco Pipin (NLT),Men,https://en.wikipedia.org/wiki/Francisco_Ferreras,https://athletes.aidainternational.org/Profile-00000000-0000-0000-0000-000000000e0a,not_found,not_found
NLT,Ferreras Francisco Pipin,CU,127,12/10/1994,WR Attempt - FERRERAS Francisco Pipin (NLT),Men,https://en.wikipedia.org/wiki/Francisco_Ferreras,https://athletes.aidainternational.org/Profile-00000000-0000-0000-0000-000000000e0a,not_found,not_found
NLT,Ferreras Francisco Pipin,CU,126,7/30/1994,WR Attempt - FERRERAS Francisco Pipin (NLT),Men,https://en.wikipedia.org/wiki/Francisco_Ferreras,https://athletes.aidainternational.org/Profile-00000000-0000-0000-0000-000000000e0a,not_found,not_found
NLT,Ferreras Francisco Pipin,CU,125,11/6/1993,WR Attempt - FERRERAS Francisco Pipin (NLT),Men,https://en.wikipedia.org/wiki/Francisco_Ferreras,https://athletes.aidainternational.org/Profile-00000000-0000-0000-0000-000000000e0a,not_found,not_found
NLT,Pelizzari Umberto,IT,123,10/11/1993,WR Attempt - PELIZZARI Umberto (NLT),Men,https://en.wikipedia.org/wiki/Umberto_Pelizzari,https://athletes.aidainternational.org/Profile-00000000-0000-0000-0000-0000000000a2,not_found,not_found
VWT,Boudhiaf Walid,CO,150,1/17/2021,AIDA WR Attempt Sharm VWT,Men,None,https://athletes.aidainternational.org/Profile-a4fceb1b-f8f4-4af6-9103-a7e6935a73df,FREEDIVING WORLD RECORD 150m VWT WALID BOUDHIAF,https://www.youtube.com/watch?v=ktJt33Ky6_s
VWT,Kastrinakis Stavros,GR,146,11/1/2015,WR Attempt Stavros Kastrinakis,Men,None,https://athletes.aidainternational.org/Profile-ca7a2d6a-8d19-4665-85cd-f990e1ad08f5,STAVROS KASTRINAKHS KASTRINAKHS 146 m WR 1-11-2015,https://www.youtube.com/watch?v=P3kmJANBuxE
VWT,Winram William,CA,145,8/31/2013,William Winram VWT WR attempt,Men,None,https://athletes.aidainternational.org/Profile-00000000-0000-0000-0000-00000000048e,William Winram 145m Freediving World Record (VWT),https://www.youtube.com/watch?v=YtryV9qItsg
VWT,Nitsch Herbert,AT,142,12/6/2009,"WR Attempt - NITSCH Herbert(CWT, FIM, VWT, CNF)",Men,https://en.wikipedia.org/wiki/Herbert_Nitsch,https://athletes.aidainternational.org/Profile-00000000-0000-0000-0000-000000000006,Freediver Herbert Nitsch - WR#27 2009 VWT 466 ft (142 m),https://www.youtube.com/watch?v=8vcyWm5AqUs
VWT,Coste Carlos,VE,140,5/9/2006,WR Attempt - COSTE Carlos(VWT – FIM),Men,https://en.wikipedia.org/wiki/Carlos_Coste,https://athletes.aidainternational.org/Profile-00000000-0000-0000-0000-000000000070,record variable 140m,https://www.youtube.com/watch?v=EpJyde_jnBI
VWT,Stepanek Martin,CZ,136,4/8/2005,"WR Attempt - STEPANEK Martin (CWT, CNF, FIM)",Men,https://en.wikipedia.org/wiki/Martin_%C5%A0t%C4%9Bp%C3%A1nek_(free-diver),https://athletes.aidainternational.org/Profile-00000000-0000-0000-0000-000000000092,not_found,not_found
VWT,Coste Carlos,VE,135,10/25/2004,WR Attempt - Carlos Coste and Stig Severinsen,Men,https://en.wikipedia.org/wiki/Carlos_Coste,https://athletes.aidainternational.org/Profile-00000000-0000-0000-0000-000000000070,"Carlos Coste´s Freediving World Record VWT 135m. Venezuela, 2004.",https://www.youtube.com/watch?v=-XioVUAgAAc
VWT,Musimu Patrik,BE,120,11/10/2001,WR Attempt - MUSIMU Patrick (VWT),Men,https://en.wikipedia.org/wiki/Patrick_Musimu,https://athletes.aidainternational.org/Profile-00000000-0000-0000-0000-00000000006e,not_found,not_found
VWT,Franz Benjamin,DE,117,9/1/2001,WR Attempt - FRANZ Benjamin (VWT),Men,https://de.wikipedia.org/wiki/Benjamin_Franz,https://athletes.aidainternational.org/Profile-00000000-0000-0000-0000-000000000028,117m Weltrekord Variabel 2001 Rotes Meer,https://www.youtube.com/watch?v=luKDrdJ2aI4
VWT,Pelizzari Umberto,IT,115,9/20/1997,WR Attempt - PELIZZARI Umberto (VWT),Men,https://en.wikipedia.org/wiki/Umberto_Pelizzari,https://athletes.aidainternational.org/Profile-00000000-0000-0000-0000-0000000000a2,not_found,not_found
VWT,Ravelo Alejandro,CU,111,9/9/1997,WR Attempt - RAVELO Alejandro (VWT),Men,None,https://athletes.aidainternational.org/Profile-00000000-0000-0000-0000-000000000e04,not_found,not_found
VWT,Pelizzari Umberto,IT,110,9/9/1996,WR Attempt - PELIZZARI Umberto (VWT),Men,https://en.wikipedia.org/wiki/Umberto_Pelizzari,https://athletes.aidainternational.org/Profile-00000000-0000-0000-0000-0000000000a2,not_found,not_found
VWT,Pelizzari Umberto,IT,105,7/22/1995,WR Attempt - PELIZZARI Umberto (VWT),Men,https://en.wikipedia.org/wiki/Umberto_Pelizzari,https://athletes.aidainternational.org/Profile-00000000-0000-0000-0000-0000000000a2,not_found,not_found
VWT,Pelizzari Umberto,IT,101,7/24/1994,WR Attempt - PELIZZARI Umberto (VWT),Men,https://en.wikipedia.org/wiki/Umberto_Pelizzari,https://athletes.aidainternational.org/Profile-00000000-0000-0000-0000-0000000000a2,not_found,not_found
CWT,Molchanov Alexey,RU,130,7/18/2018,Vertical Blue,Men,https://en.wikipedia.org/wiki/Alexey_Molchanov,https://athletes.aidainternational.org/Profile-2e49e1ad-580c-4b06-a13e-0e36682f2a1f,#VB2018 Alexey Molchanov's World Record Dive to 130m,https://www.youtube.com/watch?v=eu2pBpQolKE
CWT,Molchanov Alexey,RU,129,5/2/2017,Vertical Blue 2017,Men,https://en.wikipedia.org/wiki/Alexey_Molchanov,https://athletes.aidainternational.org/Profile-2e49e1ad-580c-4b06-a13e-0e36682f2a1f,not_found,not_found
CWT,Molchanov Alexey,RU,129,10/28/2016,Big Blue World Cup,Men,https://en.wikipedia.org/wiki/Alexey_Molchanov,https://athletes.aidainternational.org/Profile-2e49e1ad-580c-4b06-a13e-0e36682f2a1f,Alexey Molchanov 129m (Constant Weight) Freediving World Recor,https://www.youtube.com/watch?v=wRsxzvLRwEY
CWT,Molchanov Alexey,RU,128,9/15/2013,AIDA INDIVIDUAL DEPHT WORLD CHAMPIONSHIP 2013,Men,https://en.wikipedia.org/wiki/Alexey_Molchanov,https://athletes.aidainternational.org/Profile-2e49e1ad-580c-4b06-a13e-0e36682f2a1f,not_found,not_found
CWT,Molchanov Alexey,RU,126,11/20/2012,Suunto Vertical Blue 2012,Men,https://en.wikipedia.org/wiki/Alexey_Molchanov,https://athletes.aidainternational.org/Profile-2e49e1ad-580c-4b06-a13e-0e36682f2a1f,Alexey Molchanov of Russia sets new World Record in Constant Weight 126m,https://www.youtube.com/watch?v=B8V8TRdA3e0
CWT,Nitsch Herbert,AT,124,4/27/2010,Vertical Blue 2010 - the Suunto Dive-Off,Men,https://en.wikipedia.org/wiki/Herbert_Nitsch,https://athletes.aidainternational.org/Profile-00000000-0000-0000-0000-000000000006,Freediver Herbert Nitsch - WR#31 2010 CWT 407 ft (124 m),https://www.youtube.com/watch?v=90KowxrMqJM
CWT,Nitsch Herbert,AT,123,12/6/2009,"WR Attempt - NITSCH Herbert(CWT, FIM, VWT, CNF)",Men,https://en.wikipedia.org/wiki/Herbert_Nitsch,https://athletes.aidainternational.org/Profile-00000000-0000-0000-0000-000000000006,Herbert Nitsch 123m Constant Weight World record,https://www.youtube.com/watch?v=6qjYm4XQxEE
CWT,Stepanek Martin,CZ,122,5/23/2009,"WR Attempt - STEPANEK Martin(CWT, FIM, CNF)",Men,https://en.wikipedia.org/wiki/Martin_%C5%A0t%C4%9Bp%C3%A1nek_(free-diver),https://athletes.aidainternational.org/Profile-00000000-0000-0000-0000-000000000092,New CWT freediving world record - 122m – 22.05.09,https://www.youtube.com/watch?v=S7iw1KmkloQ
CWT,Nitsch Herbert,AT,114,4/4/2009,Vertical Blue 2009,Men,https://en.wikipedia.org/wiki/Herbert_Nitsch,https://athletes.aidainternational.org/Profile-00000000-0000-0000-0000-000000000006,not_found,not_found
CWT,Nitsch Herbert,AT,120,4/3/2009,Vertical Blue 2009,Men,https://en.wikipedia.org/wiki/Herbert_Nitsch,https://athletes.aidainternational.org/Profile-00000000-0000-0000-0000-000000000006,Freediver Herbert Nitsch - WR#25 2009 CWT 394 ft (120 m),https://www.youtube.com/watch?v=KvI4CJns0MI
CWT,Néry Guillaume,FR,113,6/30/2008,WR Attempt - NÃ‰RY Guillaume(CWT),Men,https://en.wikipedia.org/wiki/Guillaume_N%C3%A9ry,https://athletes.aidainternational.org/Profile-00000000-0000-0000-0000-0000000001dd,not_found,not_found
CWT,Nitsch Herbert,AT,112,10/27/2007,4th AIDA Individual World Championship,Men,https://en.wikipedia.org/wiki/Herbert_Nitsch,https://athletes.aidainternational.org/Profile-00000000-0000-0000-0000-000000000006,CWT New world record -112m by Herbert Nitsch in EGYPT WC,https://www.youtube.com/watch?v=0EJEftVLmKI
CWT,Nitsch Herbert,AT,111,12/9/2006,5th AIDA Freediving Team World Championship,Men,https://en.wikipedia.org/wiki/Herbert_Nitsch,https://athletes.aidainternational.org/Profile-00000000-0000-0000-0000-000000000006,Herbert Nitsch -111m World Constant Weight Freediving record,https://www.youtube.com/watch?v=nKNtg006uPg
CWT,Néry Guillaume,FR,109,8/31/2006,WR Attempt – Néry Guillaume(CWT),Men,https://en.wikipedia.org/wiki/Guillaume_N%C3%A9ry,https://athletes.aidainternational.org/Profile-00000000-0000-0000-0000-0000000001dd,BALL Watch Co. Explorer Guillaume Néry 109M record FREEDIVE,https://www.youtube.com/watch?v=66h3p4xLEJ4
CWT,Stepanek Martin,CZ,108,4/1/2006,WR Attempt - STEPANEK Martin(CNF - CWT -FIM),Men,https://en.wikipedia.org/wiki/Martin_%C5%A0t%C4%9Bp%C3%A1nek_(free-diver),https://athletes.aidainternational.org/Profile-00000000-0000-0000-0000-000000000092,not_found,not_found
CWT,Coste Carlos,VE,105,9/1/2005,1st AIDA Individual Constant Weight World Freediving Championship,Men,https://en.wikipedia.org/wiki/Carlos_Coste,https://athletes.aidainternational.org/Profile-00000000-0000-0000-0000-000000000070,"Carlos Coste Freediving World Record CWT -105m, Niza 2005",https://www.youtube.com/watch?v=GfJu0JLYnCk
CWT,Stepanek Martin,CZ,103,9/10/2004,WR Attempt - STEPANEK Martin (CWT),Men,https://en.wikipedia.org/wiki/Martin_%C5%A0t%C4%9Bp%C3%A1nek_(free-diver),https://athletes.aidainternational.org/Profile-00000000-0000-0000-0000-000000000092,not_found,not_found
CWT,Coste Carlos,VE,102,6/14/2004,BIOS Freeology Open Classic 2004,Men,https://en.wikipedia.org/wiki/Carlos_Coste,https://athletes.aidainternational.org/Profile-00000000-0000-0000-0000-000000000070,Carlos Coste -102m world Freediving Record,https://www.youtube.com/watch?v=rihC6rlrDaY
CWT,Néry Guillaume,FR,96,6/9/2004,WR Attempt - NERY Guillaume (CWT),Men,https://en.wikipedia.org/wiki/Guillaume_N%C3%A9ry,https://athletes.aidainternational.org/Profile-00000000-0000-0000-0000-0000000001dd,not_found,not_found
CWT,Nitsch Herbert,AT,95,9/5/2003,"WR Attempt - NITSCH Herbert (CWT,CNF, FIM)",Men,https://en.wikipedia.org/wiki/Herbert_Nitsch,https://athletes.aidainternational.org/Profile-00000000-0000-0000-0000-000000000006,not_found,not_found
CWT,Stepanek Martin,CZ,93,5/29/2003,Sony Freediver Open Classic 2003,Men,https://en.wikipedia.org/wiki/Martin_%C5%A0t%C4%9Bp%C3%A1nek_(free-diver),https://athletes.aidainternational.org/Profile-00000000-0000-0000-0000-000000000092,not_found,not_found
CWT,Coste Carlos,NL,90,11/6/2002,Carlos Coste WRA CWT 2002,Men,https://en.wikipedia.org/wiki/Carlos_Coste,https://athletes.aidainternational.org/Profile-00000000-0000-0000-0000-000000000070,not_found,not_found
CWT,Néry Guillaume,FR,87,8/31/2002,WR Attempt - NERY Guillaume (CWT),Men,https://en.wikipedia.org/wiki/Guillaume_N%C3%A9ry,https://athletes.aidainternational.org/Profile-00000000-0000-0000-0000-0000000001dd,Guillaume Néry - Old clip from 2005,https://www.youtube.com/watch?v=wzr9kOrcHbo
CWT,Fattah Eric,CA,82,8/11/2001,WR Attempt - FATTAH Eric (CWT),Men,None,https://athletes.aidainternational.org/Profile-00000000-0000-0000-0000-00000000006c,Eric Fattah 82m/269ft World Freediving Record 2001,https://www.youtube.com/watch?v=4CtMmmR2zDg
CWT,Nitsch Herbert,AT,86,1/1/2001,Compiled rankings for year 2001,Men,https://en.wikipedia.org/wiki/Herbert_Nitsch,https://athletes.aidainternational.org/Profile-00000000-0000-0000-0000-000000000006,not_found,not_found
CWT,Le Master Brett,US,81,11/12/1999,WR Attempt - LEMASTER Brett (CWT),Men,None,https://athletes.aidainternational.org/Profile-00000000-0000-0000-0000-00000000003a,not_found,not_found
CWT,Pelizzari Umberto,IT,80,10/18/1999,WR Attempt - PELIZZARI Umberto,Men,https://en.wikipedia.org/wiki/Umberto_Pelizzari,https://athletes.aidainternational.org/Profile-00000000-0000-0000-0000-0000000000a2,Umberto Pelizzari Constant Weight World Record -80m,https://www.youtube.com/watch?v=BLnKut0-ffg
CWT,Pelizzari Umberto,IT,75,9/13/1997,WR Attempt - PELIZZARI Umberto (CWT),Men,https://en.wikipedia.org/wiki/Umberto_Pelizzari,https://athletes.aidainternational.org/Profile-00000000-0000-0000-0000-0000000000a2,Record del mondo di apnea di Umberto Pelizzari in assetto costante 75m YouTube,https://www.youtube.com/watch?v=HcfH7srnrZ4
CWT,Ravelo Alejandro,CU,73,8/2/1997,WR Attempt - RAVELO Alejandro (CWT),Men,None,https://athletes.aidainternational.org/Profile-00000000-0000-0000-0000-000000000e04,not_found,not_found
CWT,Oliva Michael,FR,72,10/11/1996,WR Attempt - OLIVA Michael (CWT),Men,None,https://athletes.aidainternational.org/Profile-00000000-0000-0000-0000-000000000e03,not_found,not_found
CWT,Pelizzari Umberto,IT,72,9/17/1995,WR Attempt - PELIZZARI Umberto (CWT),Men,https://en.wikipedia.org/wiki/Umberto_Pelizzari,https://athletes.aidainternational.org/Profile-00000000-0000-0000-0000-0000000000a2,not_found,not_found
CNF,Trubridge William,NZ,102,7/21/2016,World Record Attempt - William Trubridge,Men,https://en.wikipedia.org/wiki/William_Trubridge,https://athletes.aidainternational.org/Profile-749ff4c9-7676-43bc-b668-de6d5d66e550,Steinlager CNF World Record Freedive 102m,https://www.youtube.com/watch?v=e_sc7j0XHEk
CNF,Trubridge William,NZ,101,12/16/2010,WR Attempt - TRUBRIDGE William (CNF),Men,https://en.wikipedia.org/wiki/William_Trubridge,https://athletes.aidainternational.org/Profile-749ff4c9-7676-43bc-b668-de6d5d66e550,William Trubridge 101m CNF World Record Freedive,https://www.youtube.com/watch?v=PUcpzf0rbAw
CNF,Trubridge William,NZ,100,12/14/2010,WR Attempt - TRUBRIDGE William (CNF),Men,https://en.wikipedia.org/wiki/William_Trubridge,https://athletes.aidainternational.org/Profile-749ff4c9-7676-43bc-b668-de6d5d66e550,William Trubridge's world record dive to 100m with no fins (CNF),https://www.youtube.com/watch?v=3vCHL9eMW5E
CNF,Trubridge William,NZ,96,11/10/2010,WR Attempt - TRUBRIDGE William (CNF),Men,https://en.wikipedia.org/wiki/William_Trubridge,https://athletes.aidainternational.org/Profile-749ff4c9-7676-43bc-b668-de6d5d66e550,not_found,not_found
CNF,Trubridge William,NZ,95,4/26/2010,Vertical Blue 2010 - the Suunto Dive-Off,Men,https://en.wikipedia.org/wiki/William_Trubridge,https://athletes.aidainternational.org/Profile-749ff4c9-7676-43bc-b668-de6d5d66e550,Unassisted freediving world record - 95m (311 feet). by William Trubridge,https://www.youtube.com/watch?v=6THuHUHJ-m8
CNF,Trubridge William,NZ,92,4/19/2010,Vertical Blue 2010 - the Suunto Dive-Off,Men,https://en.wikipedia.org/wiki/William_Trubridge,https://athletes.aidainternational.org/Profile-749ff4c9-7676-43bc-b668-de6d5d66e550,not_found,not_found
CNF,Trubridge William,NZ,90,12/3/2009,5th AIDA Individual World Championship 2009,Men,https://en.wikipedia.org/wiki/William_Trubridge,https://athletes.aidainternational.org/Profile-749ff4c9-7676-43bc-b668-de6d5d66e550,not_found,not_found
CNF,Trubridge William,NZ,88,4/10/2009,Vertical Blue 2009,Men,https://en.wikipedia.org/wiki/William_Trubridge,https://athletes.aidainternational.org/Profile-749ff4c9-7676-43bc-b668-de6d5d66e550,Freediving World Record no fins 88m (288ft),https://www.youtube.com/watch?v=vF4PN8-2YSk
CNF,Trubridge William,NZ,86,4/10/2008,Vertical Blue 2008,Men,https://en.wikipedia.org/wiki/William_Trubridge,https://athletes.aidainternational.org/Profile-749ff4c9-7676-43bc-b668-de6d5d66e550,not_found,not_found
CNF,Trubridge William,NZ,84,4/4/2008,Vertical Blue 2008,Men,https://en.wikipedia.org/wiki/William_Trubridge,https://athletes.aidainternational.org/Profile-749ff4c9-7676-43bc-b668-de6d5d66e550,not_found,not_found
CNF,Nitsch Herbert,AT,83,10/21/2007,Triple Depth,Men,https://en.wikipedia.org/wiki/Herbert_Nitsch,https://athletes.aidainternational.org/Profile-00000000-0000-0000-0000-000000000006,CNF New world record -83m by Herbert Nitsch in Dahab,https://www.youtube.com/watch?v=BjVqmFBXHFY
CNF,Trubridge William,NZ,82,4/11/2007,WR Attempt - TRUBRIDGE William(CNF),Men,https://en.wikipedia.org/wiki/William_Trubridge,https://athletes.aidainternational.org/Profile-749ff4c9-7676-43bc-b668-de6d5d66e550,World record Unassisted Freediving – 82m,https://www.youtube.com/watch?v=uGy4BUg0_Fw
CNF,Trubridge William,NZ,81,4/9/2007,WR Attempt - TRUBRIDGE William(CNF),Men,https://en.wikipedia.org/wiki/William_Trubridge,https://athletes.aidainternational.org/Profile-749ff4c9-7676-43bc-b668-de6d5d66e550,not_found,not_found
CNF,Stepanek Martin,CZ,80,4/8/2005,"WR Attempt - STEPANEK Martin (CWT, CNF, FIM)",Men,https://en.wikipedia.org/wiki/Martin_%C5%A0t%C4%9Bp%C3%A1nek_(free-diver),https://athletes.aidainternational.org/Profile-00000000-0000-0000-0000-000000000092,not_found,not_found
CNF,Nitsch Herbert,AT,66,9/11/2004,WR Attempt - NITSCH Herbert (CNF),Men,https://en.wikipedia.org/wiki/Herbert_Nitsch,https://athletes.aidainternational.org/Profile-00000000-0000-0000-0000-000000000006,not_found,not_found
CNF,Nitsch Herbert,AT,62,9/11/2004,WR Attempt - NITSCH Herbert (CNF),Men,https://en.wikipedia.org/wiki/Herbert_Nitsch,https://athletes.aidainternational.org/Profile-00000000-0000-0000-0000-000000000006,not_found,not_found
CNF,Severinsen Stig Åvall,DK,61,9/30/2003,WR Attempt - Carlos COSTE and Stig SEVERINSEN (FIM CWT),Men,https://en.wikipedia.org/wiki/Stig_Severinsen,https://athletes.aidainternational.org/Profile-00000000-0000-0000-0000-000000000044,not_found,not_found
CNF,Nitsch Herbert,AT,50,9/5/2003,"WR Attempt - NITSCH Herbert (CWT,CNF, FIM)",Men,https://en.wikipedia.org/wiki/Herbert_Nitsch,https://athletes.aidainternational.org/Profile-00000000-0000-0000-0000-000000000006,not_found,not_found
CNF,Lightfoot Tom,CA,43,5/5/2003,CAFA Western Regional Competition,Men,None,https://athletes.aidainternational.org/Profile-00000000-0000-0000-0000-0000000000a4,not_found,not_found
FIM,Molchanov Alexey,RU,125,7/24/2018,Vertical Blue,Men,https://en.wikipedia.org/wiki/Alexey_Molchanov,https://athletes.aidainternational.org/Profile-2e49e1ad-580c-4b06-a13e-0e36682f2a1f,WATCH Alexey Molchanov set a new WORLD RECORD in Free Immersion 125m,https://www.youtube.com/watch?v=1cCiC7qwCg0
FIM,Trubridge William,NZ,124,5/2/2016,Vertical Blue 2016,Men,https://en.wikipedia.org/wiki/William_Trubridge,https://athletes.aidainternational.org/Profile-749ff4c9-7676-43bc-b668-de6d5d66e550,not_found,not_found
FIM,Trubridge William,NZ,122,4/30/2016,Vertical Blue 2016,Men,https://en.wikipedia.org/wiki/William_Trubridge,https://athletes.aidainternational.org/Profile-749ff4c9-7676-43bc-b668-de6d5d66e550,Vertical Blue 2016 - William Trubridge sets a new World Record,https://www.youtube.com/watch?v=H3BUVH8X5Yw
FIM,Trubridge William,NZ,121,4/10/2011,Vertical Blue 2011,Men,https://en.wikipedia.org/wiki/William_Trubridge,https://athletes.aidainternational.org/Profile-749ff4c9-7676-43bc-b668-de6d5d66e550,"World Record for William Trubridge ""Free Immersion"" -121 m (396,98 ft)",https://www.youtube.com/watch?v=5QZerTPcQ1o
FIM,Nitsch Herbert,AT,120,4/27/2010,Vertical Blue 2010 - the Suunto Dive-Off,Men,https://en.wikipedia.org/wiki/Herbert_Nitsch,https://athletes.aidainternational.org/Profile-00000000-0000-0000-0000-000000000006,Freediver Herbert Nitsch - WR#32 2010 Free Immersion 394 ft (120 m),https://www.youtube.com/watch?v=bibvKlaPp0w
FIM,Nitsch Herbert,AT,114,4/27/2010,Vertical Blue 2010 - the Suunto Dive-Off,Men,https://en.wikipedia.org/wiki/Herbert_Nitsch,https://athletes.aidainternational.org/Profile-00000000-0000-0000-0000-000000000006,114m FIM Freediving world record,https://www.youtube.com/watch?v=CXslHW10eeY
FIM,Trubridge William,NZ,116,4/22/2010,Vertical Blue 2010 - the Suunto Dive-Off,Men,https://en.wikipedia.org/wiki/William_Trubridge,https://athletes.aidainternational.org/Profile-749ff4c9-7676-43bc-b668-de6d5d66e550,not_found,not_found
FIM,Nitsch Herbert,AT,112,12/6/2009,"WR Attempt - NITSCH Herbert(CWT, FIM, VWT, CNF)",Men,https://en.wikipedia.org/wiki/Herbert_Nitsch,https://athletes.aidainternational.org/Profile-00000000-0000-0000-0000-000000000006,Herbert Nitsch 112m Free Immersion World Record,https://www.youtube.com/watch?v=6_m5ngA7sT8
FIM,Nitsch Herbert,AT,109,4/3/2009,Vertical Blue 2009,Men,https://en.wikipedia.org/wiki/Herbert_Nitsch,https://athletes.aidainternational.org/Profile-00000000-0000-0000-0000-000000000006,not_found,not_found
FIM,Trubridge William,NZ,108,4/11/2008,Vertical Blue 2008,Men,https://en.wikipedia.org/wiki/William_Trubridge,https://athletes.aidainternational.org/Profile-749ff4c9-7676-43bc-b668-de6d5d66e550,not_found,not_found
FIM,Trubridge William,NZ,107,4/8/2008,Vertical Blue 2008,Men,https://en.wikipedia.org/wiki/William_Trubridge,https://athletes.aidainternational.org/Profile-749ff4c9-7676-43bc-b668-de6d5d66e550,not_found,not_found
FIM,Stepanek Martin,CZ,106,4/1/2006,WR Attempt - STEPANEK Martin(CNF - CWT -FIM),Men,https://en.wikipedia.org/wiki/Martin_%C5%A0t%C4%9Bp%C3%A1nek_(free-diver),https://athletes.aidainternational.org/Profile-00000000-0000-0000-0000-000000000092,not_found,not_found
FIM,Stepanek Martin,CZ,102,3/23/2004,WR Attempt - STEPANEK Martin (FIM),Men,https://en.wikipedia.org/wiki/Martin_%C5%A0t%C4%9Bp%C3%A1nek_(free-diver),https://athletes.aidainternational.org/Profile-00000000-0000-0000-0000-000000000092,not_found,not_found
FIM,Coste Carlos,VE,101,9/30/2003,WR Attempt - Carlos COSTE and Stig SEVERINSEN (FIM CWT),Men,https://en.wikipedia.org/wiki/Carlos_Coste,https://athletes.aidainternational.org/Profile-00000000-0000-0000-0000-000000000070,not_found,not_found
FIM,Nitsch Herbert,AT,100,9/5/2003,"WR Attempt - NITSCH Herbert (CWT,CNF, FIM)",Men,https://en.wikipedia.org/wiki/Herbert_Nitsch,https://athletes.aidainternational.org/Profile-00000000-0000-0000-0000-000000000006,not_found,not_found
FIM,Coste Carlos,VE,93,12/6/2002,WR Attempt - COSTE Carlos (FIM),Men,https://en.wikipedia.org/wiki/Carlos_Coste,https://athletes.aidainternational.org/Profile-00000000-0000-0000-0000-000000000070,not_found,not_found
FIM,Nitsch Herbert,AT,92,7/27/2002,WR Attempt - NITSCH Herbert (FIM),Men,https://en.wikipedia.org/wiki/Herbert_Nitsch,https://athletes.aidainternational.org/Profile-00000000-0000-0000-0000-000000000006,not_found,not_found
FIM,Stepanek Martin,CZ,90,9/8/2001,WR Attempt - STEPANEK Martin (FIM),Men,https://en.wikipedia.org/wiki/Martin_%C5%A0t%C4%9Bp%C3%A1nek_(free-diver),https://athletes.aidainternational.org/Profile-00000000-0000-0000-0000-000000000092,not_found,not_found
FIM,Frolla Pierre,MC,80,8/17/2001,WR Attempt - FROLLA Pierre (FIM),Men,https://en.wikipedia.org/wiki/Pierre_Frolla,https://athletes.aidainternational.org/Profile-00000000-0000-0000-0000-000000000039,not_found,not_found
FIM,Frolla Pierre,MC,73,8/3/2000,WR Attempt - FROLLA Pierre (FIM),Men,https://en.wikipedia.org/wiki/Pierre_Frolla,https://athletes.aidainternational.org/Profile-00000000-0000-0000-0000-000000000039,not_found,not_found
FIM,Frolla Pierre,MC,72,10/3/1999,WR Attempt - FROLLA Pierre (FIM),Men,https://en.wikipedia.org/wiki/Pierre_Frolla,https://athletes.aidainternational.org/Profile-00000000-0000-0000-0000-000000000039,not_found,not_found
CWTB,Molchanov Alexey,RU,113,11/26/2020,AIDA FreedivingWorld Competition,Men,https://en.wikipedia.org/wiki/Alexey_Molchanov,https://athletes.aidainternational.org/Profile-2e49e1ad-580c-4b06-a13e-0e36682f2a1f,Alexey Molchanov's World Record Dive to 113 meters (CWTB),https://www.youtube.com/watch?v=OVDJ2_TvUhQ
CWTB,Molchanov Alexey,RU,110,8/5/2019,AIDA Caribbean Cup 2019,Men,https://en.wikipedia.org/wiki/Alexey_Molchanov,https://athletes.aidainternational.org/Profile-2e49e1ad-580c-4b06-a13e-0e36682f2a1f,not_found,not_found
CWTB,Molchanov Alexey,RU,108,5/21/2019,Russian Open depth Championship 2019,Men,https://en.wikipedia.org/wiki/Alexey_Molchanov,https://athletes.aidainternational.org/Profile-2e49e1ad-580c-4b06-a13e-0e36682f2a1f,not_found,not_found
CWTB,Jerald Arnaud,FR,108,5/20/2019,Russian Open depth Championship 2019,Men,None,https://athletes.aidainternational.org/Profile-9ad1475c-746a-4c94-becb-44f50fd2bd2e,Record du monde / Arnaud Jerald / -108m bipalmes,https://www.youtube.com/watch?v=Igqei1D2Eic
DYN,Solich-Talanda Magdalena,PL,257,10/13/2019,Hydro Dynamic 2019,Women,None,https://athletes.aidainternational.org/Profile-f09db57e-c0bf-4ee1-bc6f-42657b6c2bea,Magdalena Solich-Talanda DYN WR 257m 13.10.2019r,https://www.facebook.com/100063561729178/videos/magdalena-solich-talanda-dyn-wr-257m-13102019r/490733714867643
DYN,Kalska Agnieszka,PL,253,6/21/2019,XVI Polish Freediving Pool Championships,Women,None,https://athletes.aidainternational.org/Profile-00000000-0000-0000-0000-0000000010d3,Agnieszka Kalska new AIDA DYN WR 253m,https://www.youtube.com/watch?v=qOg7ulxCXYA
DYN,Solich-Talanda Magdalena,PL,243,6/29/2018,Individual AIDA Pool World Championships Belgrade 2018,Women,None,https://athletes.aidainternational.org/Profile-f09db57e-c0bf-4ee1-bc6f-42657b6c2bea,"Magdalena Solich-Talanda WR DYN 243m, 29.06.2018 Belgrade",https://www.youtube.com/watch?v=ubYI18GtjPc
DYN,Molchanova Natalia,RU,234,6/21/2013,Individual AIDA pool World Championships,Women,https://en.wikipedia.org/wiki/Natalia_Molchanova,https://athletes.aidainternational.org/Profile-00000000-0000-0000-0000-0000000002e2,Natalia Molchanova world record dynamic freedive,https://www.youtube.com/watch?v=yGMVFn-zrWQ
DYN,Molchanova Natalia,RU,225,4/24/2010,Freediving Moscow Cup 2010,Women,https://en.wikipedia.org/wiki/Natalia_Molchanova,https://athletes.aidainternational.org/Profile-00000000-0000-0000-0000-0000000002e2,not_found,not_found
DYN,Molchanova Natalia,RU,214,10/4/2008,Europe Evolution Cup,Women,https://en.wikipedia.org/wiki/Natalia_Molchanova,https://athletes.aidainternational.org/Profile-00000000-0000-0000-0000-0000000002e2,not_found,not_found
DYN,Molchanova Natalia,RU,214,4/26/2008,AIDA Moscow Cup 2008,Women,https://en.wikipedia.org/wiki/Natalia_Molchanova,https://athletes.aidainternational.org/Profile-00000000-0000-0000-0000-0000000002e2,not_found,not_found
DYN,Molchanova Natalia,RU,205,7/4/2007,AIDA Pool World Championships with Finals,Women,https://en.wikipedia.org/wiki/Natalia_Molchanova,https://athletes.aidainternational.org/Profile-00000000-0000-0000-0000-0000000002e2,not_found,not_found
DYN,Molchanova Natalia,RU,200,4/22/2006,Russian Freediving Championship,Women,https://en.wikipedia.org/wiki/Natalia_Molchanova,https://athletes.aidainternational.org/Profile-00000000-0000-0000-0000-0000000002e2,not_found,not_found
DYN,Molchanova Natalia,RU,178,8/27/2005,1st AIDA Individual Pool World Freediving Championship,Women,https://en.wikipedia.org/wiki/Natalia_Molchanova,https://athletes.aidainternational.org/Profile-00000000-0000-0000-0000-0000000002e2,not_found,not_found
DYN,Molchanova Natalia,RU,172,4/23/2005,Russian Freediving Championship,Women,https://en.wikipedia.org/wiki/Natalia_Molchanova,https://athletes.aidainternational.org/Profile-00000000-0000-0000-0000-0000000002e2,not_found,not_found
DYN,Nordblad Johanna,FI,158,6/14/2004,BIOS Freeology Open Classic 2004,Women,https://en.wikipedia.org/wiki/Johanna_Nordblad,https://athletes.aidainternational.org/Profile-00000000-0000-0000-0000-000000000077,not_found,not_found
DYN,Molchanova Natalia,RU,155,4/24/2004,Moscow Freediver Cup 2004,Women,https://en.wikipedia.org/wiki/Natalia_Molchanova,https://athletes.aidainternational.org/Profile-00000000-0000-0000-0000-0000000002e2,not_found,not_found
DYN,Molchanova Natalia,RU,150,5/29/2003,Sony Freediver Open Classic 2003,Women,https://en.wikipedia.org/wiki/Natalia_Molchanova,https://athletes.aidainternational.org/Profile-00000000-0000-0000-0000-0000000002e2,not_found,not_found
DYN,Desreac Nathalie,FR,150,11/14/1998,WR Attempt - DESREAC Nathalie Brunet (DYN),Women,None,https://athletes.aidainternational.org/Profile-00000000-0000-0000-0000-000000000018,not_found,not_found
DYN,Desreac Nathalie,FR,140,10/7/1998,WR Attempt - DESREAC Nathalie Brunet (DYN),Women,None,https://athletes.aidainternational.org/Profile-00000000-0000-0000-0000-000000000018,not_found,not_found
DYN,Maiorca Rossana,IT,125,3/21/1996,WR Attempt - MAIORCA Rossana (DYN),Women,None,https://athletes.aidainternational.org/Profile-00000000-0000-0000-0000-000000000e06,not_found,not_found
DNF,Solich-Talanda Magdalena,PL,191,7/1/2017,XIV Polish Freediving Pool Championships | XIV Basenowe Mistrzostwa Polski we Freedivingu,Women,None,https://athletes.aidainternational.org/Profile-f09db57e-c0bf-4ee1-bc6f-42657b6c2bea,NEW WORLD RECORD DNF 191 meters - Magdalena Solich-Talanda – Freediving,https://www.youtube.com/watch?v=_HDLLMC4Cto
DNF,Solich-Talanda Magdalena,PL,185,7/1/2016,Pool World Championships 2016,Women,None,https://athletes.aidainternational.org/Profile-f09db57e-c0bf-4ee1-bc6f-42657b6c2bea,Magdalena Solich DNF - 185 World Record,https://www.youtube.com/watch?v=MvsDdwneTT0
DNF,Molchanova Natalia,RU,182,6/21/2013,Individual AIDA pool World Championships,Women,https://en.wikipedia.org/wiki/Natalia_Molchanova,https://athletes.aidainternational.org/Profile-00000000-0000-0000-0000-0000000002e2,Natalia Molchanova freediving world record DNF,https://www.youtube.com/watch?v=B2L0dgd8K0c
DNF,Zubcic Katarina,HR,175,6/21/2013,Individual AIDA pool World Championships,Women,None,https://athletes.aidainternational.org/Profile-00000000-0000-0000-0000-00000000151a,not_found,not_found
DNF,Bourke Amber,AU,164,6/21/2013,Individual AIDA pool World Championships,Women,None,https://athletes.aidainternational.org/Profile-9545dbaa-46ea-4ff6-8d70-23dd0b3b42b7,not_found,not_found
DNF,Bonin Ilaria,IT,163,11/16/2012,Europe Evolution Cup 2012,Women,None,https://athletes.aidainternational.org/Profile-00000000-0000-0000-0000-000000000c92,"Ilaria Bonin 163metres 2'58"" AIDA WR in DNF",https://www.youtube.com/watch?v=wVs05oXj-cU
DNF,Nevatt Kathryn,NZ,163,8/18/2012,New Zealand Indoor Nationals,Women,None,https://athletes.aidainternational.org/Profile-a9846cd8-6635-4d57-9b7c-39765946198e,not_found,not_found
DNF,Molchanova Natalia,RU,160,8/21/2009,5th AIDA Individual Pool World Championship 2009,Women,https://en.wikipedia.org/wiki/Natalia_Molchanova,https://athletes.aidainternational.org/Profile-00000000-0000-0000-0000-0000000002e2,Natalia Molchanova's World Record DNF 160m,https://www.youtube.com/watch?v=jq3G4PaLNB4
DNF,Nevatt Kathryn,NZ,159,8/13/2009,Nordic Deep 2009,Women,None,https://athletes.aidainternational.org/Profile-a9846cd8-6635-4d57-9b7c-39765946198e,not_found,not_found
DNF,Nevatt Kathryn,NZ,152,7/12/2009,"Wellington Winter Champs, Freediving Competition DAY 1",Women,None,https://athletes.aidainternational.org/Profile-a9846cd8-6635-4d57-9b7c-39765946198e,not_found,not_found
DNF,Nevatt Kathryn,NZ,151,8/10/2008,Wellington Winter Champs 2008,Women,None,https://athletes.aidainternational.org/Profile-a9846cd8-6635-4d57-9b7c-39765946198e,Kathryn's world record dynamic without fins 151m,https://www.youtube.com/watch?v=6hnIStqYdA0
DNF,Molchanova Natalia,RU,150,4/26/2008,AIDA Moscow Cup 2008,Women,https://en.wikipedia.org/wiki/Natalia_Molchanova,https://athletes.aidainternational.org/Profile-00000000-0000-0000-0000-0000000002e2,not_found,not_found
DNF,Molchanova Natalia,RU,149,7/4/2007,AIDA Pool World Championships with Finals,Women,https://en.wikipedia.org/wiki/Natalia_Molchanova,https://athletes.aidainternational.org/Profile-00000000-0000-0000-0000-0000000002e2,AIDA World Championships 2007 - DNF Finals (Weman),https://www.youtube.com/watch?v=G70pTI5zvUU
DNF,Molchanova Natalia,RU,131,12/20/2005,WR Attempt - MOLCHANOVA Natalia(DNF),Women,https://en.wikipedia.org/wiki/Natalia_Molchanova,https://athletes.aidainternational.org/Profile-00000000-0000-0000-0000-0000000002e2,APNEA natalia molchanova 131m in japan,https://www.youtube.com/watch?v=uJit8fJOjcY
DNF,Molchanova Natalia,RU,124,8/27/2005,1st AIDA Individual Pool World Freediving Championship,Women,https://en.wikipedia.org/wiki/Natalia_Molchanova,https://athletes.aidainternational.org/Profile-00000000-0000-0000-0000-0000000002e2,not_found,not_found
DNF,Molchanova Natalia,RU,108,4/23/2005,Russian Freediving Championship,Women,https://en.wikipedia.org/wiki/Natalia_Molchanova,https://athletes.aidainternational.org/Profile-00000000-0000-0000-0000-0000000002e2,not_found,not_found
DNF,De Bruyn Renate,NL,104,4/25/2004,Belgium Cup - Round of Huy,Women,None,https://athletes.aidainternational.org/Profile-00000000-0000-0000-0000-0000000001d6,not_found,not_found
DNF,De Bruyn Renate,NL,100,10/10/2003,WR Attempt - DE BRUYN Renate (DNF),Women,None,https://athletes.aidainternational.org/Profile-00000000-0000-0000-0000-0000000001d6,not_found,not_found
DNF,Mendez Karla,VE,84,3/23/2002,Copa UCV 2002,Women,None,https://athletes.aidainternational.org/Profile-ce16d98d-46ce-4b0c-b07f-d10a3cbbf240,not_found,not_found
DNF,Enedahl-Mekki Yamina,SE,79,3/2/2002,Hvidovre Freedivers Club - club championship 2002,Women,https://sv.wikipedia.org/wiki/Yamina_Enedahl,https://athletes.aidainternational.org/Profile-00000000-0000-0000-0000-000000000198,not_found,not_found
DNF,Enedahl-Mekki Yamina,SE,79,2/23/2002,4th Berlin Master Cup,Women,https://sv.wikipedia.org/wiki/Yamina_Enedahl,https://athletes.aidainternational.org/Profile-00000000-0000-0000-0000-000000000198,not_found,not_found
STA,Molchanova Natalia,RU,9:02,6/21/2013,Individual AIDA pool World Championships,Women,https://en.wikipedia.org/wiki/Natalia_Molchanova,https://athletes.aidainternational.org/Profile-00000000-0000-0000-0000-0000000002e2,Natalia Molchanova freediving World record at static apnea (STA) – 9:02,https://www.youtube.com/watch?v=pvXyt60c6qI
STA,Molchanova Natalia,RU,8:23,8/21/2009,5th AIDA Individual Pool World Championship 2009,Women,https://en.wikipedia.org/wiki/Natalia_Molchanova,https://athletes.aidainternational.org/Profile-00000000-0000-0000-0000-0000000002e2,not_found,not_found
STA,Molchanova Natalia,RU,8:00,7/4/2007,AIDA Pool World Championships with Finals,Women,https://en.wikipedia.org/wiki/Natalia_Molchanova,https://athletes.aidainternational.org/Profile-00000000-0000-0000-0000-0000000002e2,not_found,not_found
STA,Molchanova Natalia,RU,7:30,4/22/2006,Russian Freediving Championship,Women,https://en.wikipedia.org/wiki/Natalia_Molchanova,https://athletes.aidainternational.org/Profile-00000000-0000-0000-0000-0000000002e2,not_found,not_found
STA,Molchanova Natalia,RU,7:16,8/27/2005,1st AIDA Individual Pool World Freediving Championship,Women,https://en.wikipedia.org/wiki/Natalia_Molchanova,https://athletes.aidainternational.org/Profile-00000000-0000-0000-0000-0000000002e2,not_found,not_found
STA,Ericson Lotta,SE,6:31,6/14/2004,BIOS Freeology Open Classic 2004,Women,None,https://athletes.aidainternational.org/Profile-c6267891-0899-475f-9904-46b21c2d8484,not_found,not_found
STA,Edwards Annabel,US,6:21,11/13/2003,WR Attempt - EDWARDS Annabel (STA),Women,None,https://athletes.aidainternational.org/Profile-00000000-0000-0000-0000-00000000083a,not_found,not_found
STA,Cruickshank Mandy-Rae,CA,6:16,5/23/2002,WR Attempt - Mandy Rae Cruickshank STA,Women,https://en.wikipedia.org/wiki/Mandy-Rae_Cruickshank,https://athletes.aidainternational.org/Profile-00000000-0000-0000-0000-000000000069,not_found,not_found
STA,Meyer Karoline,BR,6:02,7/27/1999,WR Attempt - MEYER Karol (STA),Women,https://en.wikipedia.org/wiki/Karol_Meyer,https://athletes.aidainternational.org/Profile-7bf32cf3-005b-4870-868b-dd794e3f42ab,not_found,not_found
STA,Meyer Karoline,BR,5:49,6/18/1999,WR Attempt - MEYER Karol (STA),Women,https://en.wikipedia.org/wiki/Karol_Meyer,https://athletes.aidainternational.org/Profile-7bf32cf3-005b-4870-868b-dd794e3f42ab,not_found,not_found
STA,Delomenede Corinne,FR,5:23,5/12/1998,WR Attempt - DELOMENEDE Corinne (STA),Women,None,https://athletes.aidainternational.org/Profile-00000000-0000-0000-0000-000000000e08,not_found,not_found
DYNB,Kardasevic Mirela,HR,208,3/7/2019,Russian Open pool Championship 2019 in honor of Natalia Molchanova,Women,None,https://athletes.aidainternational.org/Profile-db975655-940b-49a0-b35b-02c289a09009,not_found,not_found
DYNB,Lijic Lidija,HR,186,2/23/2019,13th Serbian Open Freediving Championship - Belgrade 2019,Women,None,https://athletes.aidainternational.org/Profile-00000000-0000-0000-0000-00000000054a,not_found,not_found
NLT,Streeter Tanya,US,160,8/17/2002,WR Attempt - Tanya STREETER NLT,Women,https://en.wikipedia.org/wiki/Tanya_Streeter,https://athletes.aidainternational.org/Profile-00000000-0000-0000-0000-00000000009a,Tanya Streeter AIDA freediving World Record no limits 160m 17.08.2002,https://www.youtube.com/watch?v=gvcAa4VJDQU
NLT,Cruickshank Mandy-Rae,CA,136,9/23/2001,WR Attempt - CRUICKSHANK Mandy-Rae (NLT),Women,https://en.wikipedia.org/wiki/Mandy-Rae_Cruickshank,https://athletes.aidainternational.org/Profile-00000000-0000-0000-0000-000000000069,not_found,not_found
NLT,Mestre Audrey,FR,130,5/19/2001,WR Attempt - MESTRE Aurdery (NLT),Women,https://en.wikipedia.org/wiki/Audrey_Mestre,https://athletes.aidainternational.org/Profile-00000000-0000-0000-0000-000000000e0b,not_found,not_found
NLT,Andollo Deborah,CU,110,5/11/1996,WR Attempt - ANDOLLO Deborah (NLT),Women,https://en.wikipedia.org/wiki/Deborah_Andollo,https://athletes.aidainternational.org/Profile-00000000-0000-0000-0000-000000000e05,not_found,not_found
VWT,Van Den Broek Nanja,NL,130,10/18/2015,130m2015-10-18 on,Women,https://en.wikipedia.org/wiki/Nanja_van_den_Broek,https://athletes.aidainternational.org/Profile-00000000-0000-0000-0000-000000000087,Nanja van den Broek World Record freediving Variable Weight -130 mtr,https://www.youtube.com/watch?v=OwETZ73aS2A
VWT,Pompe Annelie,SE,126,10/2/2010,WR Attempt - Annelie POMPE (VWT),Women,https://en.wikipedia.org/wiki/Annelie_Pompe,https://athletes.aidainternational.org/Profile-00000000-0000-0000-0000-000000000545,Annelie Pompe Variable World Record 126 meters,https://www.youtube.com/watch?v=ZF2vtsxSdm0
VWT,Molchanova Natalia,RU,125,6/12/2010,VWT-NLT Natalia Molchanova (WR-attempts),Women,https://en.wikipedia.org/wiki/Natalia_Molchanova,https://athletes.aidainternational.org/Profile-00000000-0000-0000-0000-0000000002e2,not_found,not_found
VWT,Streeter Tanya,US,122,7/19/2003,"WR Attempt - STREETER Tanya (VWT,CNF)",Women,https://en.wikipedia.org/wiki/Tanya_Streeter,https://athletes.aidainternational.org/Profile-00000000-0000-0000-0000-00000000009a,not_found,not_found
VWT,Andollo Deborah,CU,95,7/12/2000,WR Attempt - ANDOLLO Deborah (VWT),Women,https://en.wikipedia.org/wiki/Deborah_Andollo,https://athletes.aidainternational.org/Profile-00000000-0000-0000-0000-000000000e05,not_found,not_found
VWT,Andollo Deborah,CU,90,7/27/1997,WR Attempt - ANDOLLO Deborah (VWT),Women,https://en.wikipedia.org/wiki/Deborah_Andollo,https://athletes.aidainternational.org/Profile-00000000-0000-0000-0000-000000000e05,not_found,not_found
VWT,Andollo Deborah,CU,85,11/30/1995,WR Attempt - ANDOLLO Deborah (VWT),Women,https://en.wikipedia.org/wiki/Deborah_Andollo,https://athletes.aidainternational.org/Profile-00000000-0000-0000-0000-000000000e05,not_found,not_found
CWT,Artnik Alenka,SI,114,11/7/2020,AIDA Blue Week Competition,Women,None,https://athletes.aidainternational.org/Profile-bb4aa3ec-e87a-48f5-9a6c-ece92e3d95db,ALENKA ARTNIK -114m WORLD RECORD FREEDIVING IN MONOFIN,https://www.youtube.com/watch?v=a7mc5gnfaS4
CWT,Zecchini Alessia,IT,107,7/26/2018,Vertical Blue,Women,https://en.wikipedia.org/wiki/Alessia_Zecchini,https://athletes.aidainternational.org/Profile-27ee09ed-33d6-45d6-8c45-5f125f0bee55,WATCH as Alessia Zecchini of Italy glides like an arrow to a new World Record 107m CWT,https://www.youtube.com/watch?v=G0ATGBHuk1E
CWT,Hirose Hanako,JP,106,7/25/2018,Vertical Blue,Women,None,https://athletes.aidainternational.org/Profile-00000000-0000-0000-0000-000000000701,HANAKO HIROSE Amazing World Record Dive to 106m CWT #VB2018,https://www.youtube.com/watch?v=oR-G-OROXeE
CWT,Artnik Alenka,SI,105,7/21/2018,Vertical Blue,Women,None,https://athletes.aidainternational.org/Profile-bb4aa3ec-e87a-48f5-9a6c-ece92e3d95db,ALENKA ARTNIK matches a World Record Dive at Vertical Blue 2018 diving on breath-hold to 105m CWT,https://www.youtube.com/watch?v=gQ38_iDAec4
CWT,Zecchini Alessia,IT,105,5/5/2018,NIRVANA OCEANQUEST DEPTH CONTEST 2018,Women,https://en.wikipedia.org/wiki/Alessia_Zecchini,https://athletes.aidainternational.org/Profile-27ee09ed-33d6-45d6-8c45-5f125f0bee55,World Record AIDA CWT -105m Alessia Zecchini,https://www.youtube.com/watch?v=xFyQHyY4gGU
CWT,Zecchini Alessia,IT,104,5/10/2017,Vertical Blue 2017,Women,https://en.wikipedia.org/wiki/Alessia_Zecchini,https://athletes.aidainternational.org/Profile-27ee09ed-33d6-45d6-8c45-5f125f0bee55,ALESSIA ZECCHINI 2017 WORLD RECORD 104m CWT Dive,https://www.youtube.com/watch?v=i_Mo1rZCiwo
CWT,Hirose Hanako,JP,103,5/10/2017,Vertical Blue 2017,Women,None,https://athletes.aidainternational.org/Profile-00000000-0000-0000-0000-000000000701,HANAKO HIROSE WORLD RECORD 103m CWT dive,https://www.youtube.com/watch?v=EGCviJzGY6Q
CWT,Zecchini Alessia,IT,102,5/6/2017,Vertical Blue 2017,Women,https://en.wikipedia.org/wiki/Alessia_Zecchini,https://athletes.aidainternational.org/Profile-27ee09ed-33d6-45d6-8c45-5f125f0bee55,Alessia Zecchini World Record Dive to 102m CWT,https://www.youtube.com/watch?v=1ViCIZjm23s
CWT,Molchanova Natalia,RU,101,9/25/2009,Ruler of the Deep,Women,https://en.wikipedia.org/wiki/Natalia_Molchanova,https://athletes.aidainternational.org/Profile-00000000-0000-0000-0000-0000000002e2,AIDA Freediving WC Kalamata 2011 CWT,https://www.youtube.com/watch?v=yu8lT3WlHQU
CWT,Campbell Sara,GB,96,4/3/2009,Vertical Blue 2009,Women,https://en.wikipedia.org/wiki/Sara_Campbell,https://athletes.aidainternational.org/Profile-00000000-0000-0000-0000-000000000801,Sara Campbell World Record 96m Constant Weight,https://www.youtube.com/watch?v=ozzNSn_5QS0
CWT,Molchanova Natalia,RU,95,7/25/2008,Mediterranean Freediving Meeting,Women,https://en.wikipedia.org/wiki/Natalia_Molchanova,https://athletes.aidainternational.org/Profile-00000000-0000-0000-0000-0000000002e2,not_found,not_found
CWT,Campbell Sara,GB,90,10/21/2007,Triple Depth,Women,https://en.wikipedia.org/wiki/Sara_Campbell,https://athletes.aidainternational.org/Profile-00000000-0000-0000-0000-000000000801,not_found,not_found
CWT,Cruickshank Mandy-Rae,CA,88,4/29/2007,CAFA & USAA cosponsored national with guests,Women,https://en.wikipedia.org/wiki/Mandy-Rae_Cruickshank,https://athletes.aidainternational.org/Profile-00000000-0000-0000-0000-000000000069,not_found,not_found
CWT,Molchanova Natalia,RU,86,9/1/2005,1st AIDA Individual Constant Weight World Freediving Championship,Women,https://en.wikipedia.org/wiki/Natalia_Molchanova,https://athletes.aidainternational.org/Profile-00000000-0000-0000-0000-0000000002e2,not_found,not_found
CWT,Cruickshank Mandy-Rae,CA,78,3/21/2004,WR Attempt - CRUICKSHANK Mandy-Rae (CWT),Women,https://en.wikipedia.org/wiki/Mandy-Rae_Cruickshank,https://athletes.aidainternational.org/Profile-00000000-0000-0000-0000-000000000069,Mandy 78m WR,https://www.youtube.com/watch?v=5Z2AbH8vXOw
CWT,Streeter Tanya,US,70,5/11/2001,WR Attempt - STREETER Tanya (CWT),Women,https://en.wikipedia.org/wiki/Tanya_Streeter,https://athletes.aidainternational.org/Profile-00000000-0000-0000-0000-00000000009a,not_found,not_found
CWT,Streeter Tanya,US,67,9/19/1998,WR Attempt - STREETER Tanya (CWT),Women,https://en.wikipedia.org/wiki/Tanya_Streeter,https://athletes.aidainternational.org/Profile-00000000-0000-0000-0000-00000000009a,not_found,not_found
CWT,Andollo Deborah,CU,65,12/5/1997,WR Attempt - ANDOLLO Deborah,Women,https://en.wikipedia.org/wiki/Deborah_Andollo,https://athletes.aidainternational.org/Profile-00000000-0000-0000-0000-000000000e05,not_found,not_found
CWT,Andollo Deborah,CU,62,10/5/1996,WR Attempt - ANDOLLO Deborah,Women,https://en.wikipedia.org/wiki/Deborah_Andollo,https://athletes.aidainternational.org/Profile-00000000-0000-0000-0000-000000000e05,not_found,not_found
CWT,Andollo Deborah,CU,61,6/12/1994,WR Attempt - ANDOLLO Deborah (CWT),Women,https://en.wikipedia.org/wiki/Deborah_Andollo,https://athletes.aidainternational.org/Profile-00000000-0000-0000-0000-000000000e05,not_found,not_found
CNF,Zecchini Alessia,IT,73,7/22/2018,Vertical Blue,Women,https://en.wikipedia.org/wiki/Alessia_Zecchini,https://athletes.aidainternational.org/Profile-27ee09ed-33d6-45d6-8c45-5f125f0bee55,-73 WR No Fins Alessia Zecchini,https://www.youtube.com/watch?v=whswVjWhn30
CNF,Kinoshita Sayuri,JP,72,4/26/2016,Vertical Blue 2016,Women,None,https://athletes.aidainternational.org/Profile-00000000-0000-0000-0000-000000001186,The Dive (the first World Record for Japan) by Sayuri Kinoshita,https://www.youtube.com/watch?v=oYqX5MRfuDQ
CNF,Molchanova Natalia,RU,71,5/13/2015,Russian National Open,Women,https://en.wikipedia.org/wiki/Natalia_Molchanova,https://athletes.aidainternational.org/Profile-00000000-0000-0000-0000-0000000002e2,Masa&Natalia - Dahab 015,https://www.youtube.com/watch?v=dMQvRGA0Bl8
CNF,Molchanova Natalia,RU,70,5/15/2014,Russian National,Women,https://en.wikipedia.org/wiki/Natalia_Molchanova,https://athletes.aidainternational.org/Profile-00000000-0000-0000-0000-0000000002e2,Рекорд мира Натальи Молчановой - ныряние в глубину без ласт 70 м,https://www.youtube.com/watch?v=nr7__ykz4kA
CNF,Molchanova Natalia,RU,69,9/15/2013,AIDA INDIVIDUAL DEPHT WORLD CHAMPIONSHIP 2013,Women,https://en.wikipedia.org/wiki/Natalia_Molchanova,https://athletes.aidainternational.org/Profile-00000000-0000-0000-0000-0000000002e2,AIDA 2013 @Kalamata CNF,https://www.youtube.com/watch?v=i9ObrTAG3oE
CNF,Molchanova Natalia,RU,68,4/25/2013,Russian National Open,Women,https://en.wikipedia.org/wiki/Natalia_Molchanova,https://athletes.aidainternational.org/Profile-00000000-0000-0000-0000-0000000002e2,not_found,not_found
CNF,Chapman Ashley,US,67,11/20/2012,Suunto Vertical Blue 2012,Women,None,https://athletes.aidainternational.org/Profile-00000000-0000-0000-0000-000000000c56,Ashley Futral Chapman CNF World Record at Suunto Vertical Blue 2012,https://www.youtube.com/watch?v=CUqPAaUOWuw
CNF,Molchanova Natalia,RU,66,5/8/2012,FDD Russian Open,Women,https://en.wikipedia.org/wiki/Natalia_Molchanova,https://athletes.aidainternational.org/Profile-00000000-0000-0000-0000-0000000002e2,not_found,not_found
CNF,Chapman Ashley,US,65,5/4/2012,Deja Blue 3,Women,None,https://athletes.aidainternational.org/Profile-00000000-0000-0000-0000-000000000c56,not_found,not_found
CNF,Chapman Ashley,US,63,5/4/2012,Deja Blue 3,Women,None,https://athletes.aidainternational.org/Profile-00000000-0000-0000-0000-000000000c56,No Fins Freediving World Record Ashley Chapman 63 meters,https://vimeo.com/41599967
CNF,Molchanova Natalia,RU,62,12/3/2009,5th AIDA Individual World Championship 2009,Women,https://en.wikipedia.org/wiki/Natalia_Molchanova,https://athletes.aidainternational.org/Profile-00000000-0000-0000-0000-0000000002e2,not_found,not_found
CNF,Molchanova Natalia,RU,60,6/10/2008,Triple Depth 2008,Women,https://en.wikipedia.org/wiki/Natalia_Molchanova,https://athletes.aidainternational.org/Profile-00000000-0000-0000-0000-0000000002e2,not_found,not_found
CNF,Avseenko Natalia,RU,57,4/1/2008,Vertical Blue 2008,Women,None,https://athletes.aidainternational.org/Profile-00000000-0000-0000-0000-000000000408,YogaDa! Freediving. Natalie Avseenko - 57m World Freediving record,https://www.youtube.com/watch?v=S_FybU0Jvrw
CNF,Campbell Sara,GB,56,10/21/2007,Triple Depth,Women,https://en.wikipedia.org/wiki/Sara_Campbell,https://athletes.aidainternational.org/Profile-00000000-0000-0000-0000-000000000801,not_found,not_found
CNF,Molchanova Natalia,RU,55,11/5/2005,Triple Depth - Freedive Dahab,Women,https://en.wikipedia.org/wiki/Natalia_Molchanova,https://athletes.aidainternational.org/Profile-00000000-0000-0000-0000-0000000002e2,not_found,not_found
CNF,Molchanova Natalia,RU,43,11/29/2004,Sinai Last Chance 1-6,Women,https://en.wikipedia.org/wiki/Natalia_Molchanova,https://athletes.aidainternational.org/Profile-00000000-0000-0000-0000-0000000002e2,not_found,not_found
CNF,Edwards Annabel,US,42,10/23/2004,WR Attempt - EDWARDS Annabel (CNF),Women,None,https://athletes.aidainternational.org/Profile-00000000-0000-0000-0000-00000000083a,not_found,not_found
CNF,Cruickshank Mandy-Rae,CA,41,8/27/2003,WR Attempt - Mandy Rae Cruickshank (CNF FIM ),Women,https://en.wikipedia.org/wiki/Mandy-Rae_Cruickshank,https://athletes.aidainternational.org/Profile-00000000-0000-0000-0000-000000000069,not_found,not_found
CNF,Streeter Tanya,US,35,7/19/2003,"WR Attempt - STREETER Tanya (VWT,CNF)",Women,https://en.wikipedia.org/wiki/Tanya_Streeter,https://athletes.aidainternational.org/Profile-00000000-0000-0000-0000-00000000009a,not_found,not_found
FIM,Zecchini Alessia,IT,98,10/16/2019,AIDA OceanQuest Curaçao,Women,https://en.wikipedia.org/wiki/Alessia_Zecchini,https://athletes.aidainternational.org/Profile-27ee09ed-33d6-45d6-8c45-5f125f0bee55,not_found,not_found
FIM,Kinoshita Sayuri,JP,97,7/26/2018,Vertical Blue,Women,None,https://athletes.aidainternational.org/Profile-00000000-0000-0000-0000-000000001186,WATCH Sayuri Kinoshita of Japan set an amazing World Record to 97m FIM,https://www.youtube.com/watch?v=VjCxBNltkIk
FIM,Zecchini Alessia,IT,96,7/25/2018,Vertical Blue,Women,https://en.wikipedia.org/wiki/Alessia_Zecchini,https://athletes.aidainternational.org/Profile-27ee09ed-33d6-45d6-8c45-5f125f0bee55,-96m WR Freeimmersion Alessia Zecchini,https://www.youtube.com/watch?v=FNSOXS9fZQo
FIM,Kinoshita Sayuri,JP,94,7/24/2018,Vertical Blue,Women,None,https://athletes.aidainternational.org/Profile-00000000-0000-0000-0000-000000001186,SAYURI KINOSHITA on an inspiring World Record dive to 94m in Free Immersion (dive time 3:50) #VB2018,https://www.youtube.com/watch?v=uL_VLcueNaA
FIM,Zecchini Alessia,IT,93,7/20/2018,Vertical Blue,Women,https://en.wikipedia.org/wiki/Alessia_Zecchini,https://athletes.aidainternational.org/Profile-27ee09ed-33d6-45d6-8c45-5f125f0bee55,#VB2018 Alessia Zecchini World Record Dive to 93m FIM,https://www.youtube.com/watch?v=D1snG2xsfDA
FIM,Grasmeijer Jeanine,NL,92,9/6/2016,BONAIRE DEEPSEA CHALLENGE,Women,None,https://athletes.aidainternational.org/Profile-d7eb770f-a9f5-4c1d-b239-9113613fab8c,[HD] Jeanine Grasmeijer new world record Free Immersion -92 meters,https://www.youtube.com/watch?v=ZmmGA-Q3FgM
FIM,Molchanova Natalia,RU,91,9/15/2013,AIDA INDIVIDUAL DEPHT WORLD CHAMPIONSHIP 2013,Women,https://en.wikipedia.org/wiki/Natalia_Molchanova,https://athletes.aidainternational.org/Profile-00000000-0000-0000-0000-0000000002e2,not_found,not_found
FIM,Grasmeijer Jeanine,NL,90,9/9/2013,2013 Kalamata Open,Women,None,https://athletes.aidainternational.org/Profile-d7eb770f-a9f5-4c1d-b239-9113613fab8c,not_found,not_found
FIM,Molchanova Natalia,RU,90,9/25/2009,Ruler of the Deep,Women,https://en.wikipedia.org/wiki/Natalia_Molchanova,https://athletes.aidainternational.org/Profile-00000000-0000-0000-0000-0000000002e2,Freediving World Record by Natalia Molchanova (Free Immersion 90 meters),https://www.youtube.com/watch?v=yw2U-91LB68
FIM,Molchanova Natalia,RU,85,7/25/2008,Mediterranean Freediving Meeting,Women,https://en.wikipedia.org/wiki/Natalia_Molchanova,https://athletes.aidainternational.org/Profile-00000000-0000-0000-0000-0000000002e2,not_found,not_found
FIM,Molchanova Natalia,RU,82,6/10/2008,Triple Depth 2008,Women,https://en.wikipedia.org/wiki/Natalia_Molchanova,https://athletes.aidainternational.org/Profile-00000000-0000-0000-0000-0000000002e2,not_found,not_found
FIM,Campbell Sara,GB,81,10/21/2007,Triple Depth,Women,https://en.wikipedia.org/wiki/Sara_Campbell,https://athletes.aidainternational.org/Profile-00000000-0000-0000-0000-000000000801,not_found,not_found
FIM,Molchanova Natalia,RU,80,6/4/2006,Triple Depth 2006,Women,https://en.wikipedia.org/wiki/Natalia_Molchanova,https://athletes.aidainternational.org/Profile-00000000-0000-0000-0000-0000000002e2,not_found,not_found
FIM,Molchanova Natalia,RU,78,11/5/2005,Triple Depth - Freedive Dahab,Women,https://en.wikipedia.org/wiki/Natalia_Molchanova,https://athletes.aidainternational.org/Profile-00000000-0000-0000-0000-0000000002e2,not_found,not_found
FIM,Edwards Annabel,US,75,5/27/2005,The Kona Freedive Invitational,Women,None,https://athletes.aidainternational.org/Profile-00000000-0000-0000-0000-00000000083a,not_found,not_found
FIM,Streeter Tanya,US,70,5/6/2001,WR Attempt - STREETER Tanya (FIM),Women,https://en.wikipedia.org/wiki/Tanya_Streeter,https://athletes.aidainternational.org/Profile-00000000-0000-0000-0000-00000000009a,not_found,not_found
CWTB,Artnik Alenka,SI,92,6/11/2019,Asian Freediving Cup 2019,Women,None,https://athletes.aidainternational.org/Profile-bb4aa3ec-e87a-48f5-9a6c-ece92e3d95db,"Alenka Artnik -92m CWT Bifin WORLD RECORD, Asian Freediving Cup 2019",https://www.youtube.com/watch?v=JV7U5YngMJA
CWTB,Artnik Alenka,SI,90,6/9/2019,Asian Freediving Cup 2019,Women,None,https://athletes.aidainternational.org/Profile-bb4aa3ec-e87a-48f5-9a6c-ece92e3d95db,not_found,not_found
CWTB,Wenjie Lu Jessea,CN,83,6/9/2019,Asian Freediving Cup 2019,Women,None,https://athletes.aidainternational.org/Profile-60d5ef69-a645-4d18-bc97-284d2ab1a2d9,not_found,not_found
CWTB,Kinoshita Sayuri,JP,82,4/27/2019,Xibalba 2019,Women,None,https://athletes.aidainternational.org/Profile-00000000-0000-0000-0000-000000001186,not_found,not_found
CWTB,Gomez Sofia,CO,81,4/27/2019,Xibalba 2019,Women,https://en.wikipedia.org/wiki/Sof%C3%ADa_G%C3%B3mez,https://athletes.aidainternational.org/Profile-763fc9ba-a337-43aa-961e-edaa22c6da9f,not_found,not_found
